{
  "scaler_mean": [
    6.286600112915039,
    299.41778564453125,
    60.911460876464844,
    6.888587474822998,
    0.22706399857997894,
    8.0
  ],
  "scaler_scale": [
    4.405185699462891,
    67.78591918945312,
    19.549734115600586,
    3.720477819442749,
    0.23789985477924347,
    2.8284270763397217
  ],
  "grade_min": 0.0,
  "grade_max": 100.0,
  "seg_map": {
    "S1": 0,
    "S2": 1,
    "S3": 2,
    "S4": 3
  }
}